dataset,algorithm,seed,kind,n_recs,distinct_scores,score_std,train_test_overlap,candidate_leakage_probe,runtime_s,rerun_P@1,rerun_nDCG@1,indep_P@1,indep_nDCG@1,rerun_P@5,rerun_nDCG@5,indep_P@5,indep_nDCG@5,rerun_P@10,rerun_nDCG@10,indep_P@10,indep_nDCG@10,reported_P@1,reported_nDCG@1,reported_P@5,reported_nDCG@5,reported_P@10,reported_nDCG@10
ml100k,ALS,1,node,9380,9380,0.2515004844565721,0,0,5.9,0.21748400852878466,0.21748400852878466,0.21748400852878466,0.21748400852878466,0.17356076759061834,0.19531863635004781,0.17356076759061834,0.19531863635004781,0.1537313432835821,0.2106077313406074,0.1537313432835821,0.2106077313406074,0.1950959488272921,0.1950959488272921,0.1703624733475479,0.1896432255638482,0.1542643923240938,0.2073180670209503
ml100k,ItemKNN,1,node,9380,1,0.0,0,0,8.3,0.07569296375266525,0.07569296375266525,0.07569296375266525,0.07569296375266525,0.028784648187633263,0.03727239904519768,0.028784648187633263,0.03727239904519768,0.033582089552238806,0.042008864886661654,0.033582089552238806,0.042008864886661654,0.0756929637526652,0.0756929637526652,0.0287846481876332,0.0372723990451976,0.0335820895522388,0.0420088648866616
ml100k,Pop,1,node,9380,29,48.2715982813619,0,0,0.6,0.2046908315565032,0.2046908315565032,0.2046908315565032,0.2046908315565032,0.144136460554371,0.16212480461011708,0.144136460554371,0.16212480461011708,0.12036247334754797,0.15771111312778732,0.12036247334754797,0.15771111312778732,0.2046908315565032,0.2046908315565032,0.144136460554371,0.162124804610117,0.1203624733475479,0.1577111131277873
ml100k,ItemKNN_implicit,1,counterfactual,9380,9380,2.5435485208118545,0,0,2.8,0.3283582089552239,0.3283582089552239,0.3283582089552239,0.3283582089552239,0.22878464818763328,0.26480764840847554,0.22878464818763328,0.26480764840847554,0.17771855010660983,0.25580412939134595,0.17771855010660983,0.25580412939134595
ml100k,ALS,7,node,9380,9380,0.2554568045587994,0,0,0.9,0.19616204690831557,0.19616204690831557,0.19616204690831557,0.19616204690831557,0.16481876332622603,0.1825070097306832,0.16481876332622603,0.1825070097306832,0.14893390191897654,0.1994118979182571,0.14893390191897654,0.19941189791825709,0.2036247334754797,0.2036247334754797,0.1697228144989339,0.1877845220620101,0.1492537313432835,0.2013344533784303
ml100k,ItemKNN,7,node,9380,1,0.0,0,0,2.8,0.07995735607675906,0.07995735607675906,0.07995735607675906,0.07995735607675906,0.030277185501066103,0.039525996041513016,0.030277185501066103,0.039525996041513016,0.036780383795309166,0.04506683454050414,0.036780383795309166,0.04506683454050414,0.079957356076759,0.079957356076759,0.0302771855010661,0.039525996041513,0.0367803837953091,0.0450668345405041
ml100k,Pop,7,node,9380,37,47.71295132251152,0,0,0.6,0.2046908315565032,0.2046908315565032,0.2046908315565032,0.2046908315565032,0.14541577825159915,0.16092437512520064,0.14541577825159915,0.16092437512520064,0.11844349680170578,0.15330124605299003,0.11844349680170578,0.15330124605299,0.2046908315565032,0.2046908315565032,0.1454157782515991,0.1609243751252006,0.1184434968017057,0.15330124605299
ml100k,ItemKNN_implicit,7,counterfactual,9380,9380,2.5139944211133223,0,0,2.8,0.29637526652452023,0.29637526652452023,0.29637526652452023,0.29637526652452023,0.22174840085287847,0.2501119927353932,0.22174840085287847,0.2501119927353932,0.17825159914712155,0.2469141451567674,0.17825159914712155,0.2469141451567674
ml100k,ALS,21,node,9380,9380,0.2530375143595009,0,0,1.0,0.21748400852878466,0.21748400852878466,0.21748400852878466,0.21748400852878466,0.1626865671641791,0.18551731246708225,0.1626865671641791,0.18551731246708225,0.14509594882729213,0.2001097690701413,0.14509594882729213,0.20010976907014127,0.2142857142857142,0.2142857142857142,0.1703624733475479,0.1917991547174313,0.1490405117270789,0.2038342749142636
ml100k,ItemKNN,21,node,9380,1,0.0,0,0,3.1,0.07356076759061833,0.07356076759061833,0.07356076759061833,0.07356076759061833,0.03070362473347548,0.03908624638987868,0.03070362473347548,0.03908624638987868,0.037526652452025584,0.04512449093436566,0.037526652452025584,0.04512449093436566,0.0735607675906183,0.0735607675906183,0.0307036247334754,0.0390862463898786,0.0375266524520255,0.0451244909343656
ml100k,Pop,21,node,9380,34,49.16111490943164,0,0,0.6,0.21215351812366737,0.21215351812366737,0.21215351812366737,0.21215351812366737,0.14434968017057573,0.16303921447947534,0.14434968017057573,0.16303921447947534,0.114818763326226,0.15150735707688798,0.114818763326226,0.15150735707688795,0.2121535181236673,0.2121535181236673,0.1443496801705757,0.1630392144794753,0.114818763326226,0.1515073570768879
ml100k,ItemKNN_implicit,21,counterfactual,9380,9380,2.511307766082171,0,0,2.6,0.29637526652452023,0.29637526652452023,0.29637526652452023,0.29637526652452023,0.2191897654584222,0.2508366692837303,0.2191897654584222,0.2508366692837303,0.17953091684434969,0.2494102758672233,0.17953091684434969,0.24941027586722328
ml100k,ALS,42,node,9380,9380,0.2536483640582505,0,0,0.9,0.21321961620469082,0.21321961620469082,0.21321961620469082,0.21321961620469082,0.17697228144989338,0.20051242241015813,0.17697228144989338,0.20051242241015813,0.15565031982942434,0.21418899469129474,0.15565031982942434,0.2141889946912947,0.2377398720682302,0.2377398720682302,0.1733475479744136,0.2019439814296556,0.1465884861407249,0.2105243209768384
ml100k,ItemKNN,42,node,9380,1,0.0,0,0,3.1,0.07569296375266525,0.07569296375266525,0.07569296375266525,0.07569296375266525,0.029211087420042643,0.037847305787453635,0.029211087420042643,0.037847305787453635,0.033582089552238806,0.04284900594932092,0.033582089552238806,0.04284900594932092,0.0756929637526652,0.0756929637526652,0.0292110874200426,0.0378473057874536,0.0335820895522388,0.0428490059493209
ml100k,Pop,42,node,9380,34,49.29521841584493,0,0,0.7,0.2046908315565032,0.2046908315565032,0.2046908315565032,0.2046908315565032,0.15095948827292113,0.16781800737263006,0.15095948827292113,0.16781800737263006,0.12281449893390192,0.16076914058022165,0.12281449893390192,0.16076914058022163,0.2046908315565032,0.2046908315565032,0.1509594882729211,0.16781800737263,0.1228144989339019,0.1607691405802216
ml100k,ItemKNN_implicit,42,counterfactual,9380,9380,2.5260993597481263,0,0,2.8,0.3091684434968017,0.3091684434968017,0.3091684434968017,0.3091684434968017,0.22238805970149256,0.2576364938767755,0.22238805970149256,0.2576364938767755,0.1760127931769723,0.2514802047839174,0.1760127931769723,0.2514802047839174
ml100k,ALS,84,node,9380,9380,0.25227423190965914,0,0,1.0,0.20788912579957355,0.20788912579957355,0.20788912579957355,0.20788912579957355,0.1673773987206823,0.1916887562427428,0.1673773987206823,0.1916887562427428,0.14808102345415775,0.20719697181063407,0.14808102345415775,0.20719697181063407,0.2238805970149253,0.2238805970149253,0.1722814498933902,0.1975786310075129,0.1554371002132196,0.2159689804411111
ml100k,ItemKNN,84,node,9380,1,0.0,0,0,2.9,0.0767590618336887,0.0767590618336887,0.0767590618336887,0.0767590618336887,0.028144989339019193,0.03658929224478513,0.028144989339019193,0.03658929224478513,0.03464818763326226,0.041622730958884975,0.03464818763326226,0.04162273095888497,0.0767590618336887,0.0767590618336887,0.0281449893390191,0.0365892922447851,0.0346481876332622,0.0416227309588849
ml100k,Pop,84,node,9380,33,48.168743261571464,0,0,0.6,0.2025586353944563,0.2025586353944563,0.2025586353944563,0.2025586353944563,0.14797441364605546,0.16437637607468789,0.14797441364605546,0.16437637607468789,0.12238805970149254,0.15814856147660486,0.12238805970149254,0.15814856147660483,0.2025586353944563,0.2025586353944563,0.1479744136460554,0.1643763760746878,0.1223880597014925,0.1581485614766048
ml100k,ItemKNN_implicit,84,counterfactual,9380,9380,2.50415848250659,0,0,2.7,0.3326226012793177,0.3326226012793177,0.3326226012793177,0.3326226012793177,0.22238805970149256,0.2628597867030683,0.22238805970149256,0.2628597867030683,0.17697228144989338,0.2566669649761922,0.17697228144989338,0.2566669649761921
lastfm,ALS,1,node,10900,10899,0.2741333270421652,0,0,1.4,0.13027522935779817,0.13027522935779817,0.13027522935779817,0.13027522935779817,0.09614678899082568,0.11816751069691481,0.09614678899082568,0.11816751069691481,0.08064220183486238,0.1265720815292918,0.08064220183486238,0.1265720815292918,0.1082568807339449,0.1082568807339449,0.0893577981651376,0.1084138833847198,0.0773394495412844,0.1176786613126691
lastfm,ItemKNN,1,node,10900,1,0.0,0,0,6.9,0.0009174311926605505,0.0009174311926605505,0.0009174311926605505,0.0009174311926605505,0.003669724770642202,0.003007708014460886,0.003669724770642202,0.003007708014460886,0.0034862385321100917,0.0036587580600394914,0.0034862385321100917,0.003658758060039491,0.0009174311926605,0.0009174311926605,0.0036697247706422,0.0030077080144608,0.00348623853211,0.0036587580600394
lastfm,Pop,1,node,10900,24,13.0683825856038,0,0,1.2,0.03486238532110092,0.03486238532110092,0.03486238532110092,0.03486238532110092,0.04513761467889908,0.05290388881415335,0.04513761467889908,0.05290388881415335,0.03880733944954129,0.058992174858391276,0.03880733944954129,0.058992174858391276,0.0348623853211009,0.0348623853211009,0.045137614678899,0.0529038888141533,0.0388073394495412,0.0589921748583912
lastfm,ItemKNN_implicit,1,counterfactual,10900,10865,2.1332758350124705,0,0,5.0,0.0981651376146789,0.0981651376146789,0.0981651376146789,0.0981651376146789,0.08807339449541285,0.10454477984195543,0.08807339449541285,0.10454477984195543,0.07027522935779817,0.1115358790725403,0.07027522935779817,0.11153587907254028
lastfm,ALS,7,node,10900,10900,0.27689977475491284,0,0,1.5,0.12110091743119267,0.12110091743119267,0.12110091743119267,0.12110091743119267,0.09412844036697247,0.11422335480367213,0.09412844036697247,0.11422335480367213,0.07568807339449542,0.11844716425204632,0.07568807339449542,0.11844716425204632,0.1238532110091743,0.1238532110091743,0.0944954128440367,0.1159483630083638,0.0788073394495412,0.1219929407305586
lastfm,ItemKNN,7,node,10900,1,0.0,0,0,6.9,0.003669724770642202,0.003669724770642202,0.003669724770642202,0.003669724770642202,0.005871559633027523,0.005549899265401968,0.005871559633027523,0.005549899265401968,0.004311926605504588,0.005485444395553964,0.004311926605504588,0.005485444395553964,0.0036697247706422,0.0036697247706422,0.0058715596330275,0.0055498992654019,0.0043119266055045,0.0054854443955539
lastfm,Pop,7,node,10900,23,12.347418686285103,0,0,1.2,0.04220183486238532,0.04220183486238532,0.04220183486238532,0.04220183486238532,0.04385321100917432,0.04966204523981296,0.04385321100917432,0.04966204523981296,0.038073394495412846,0.056885590841942876,0.038073394495412846,0.05688559084194287,0.0422018348623853,0.0422018348623853,0.0438532110091743,0.0496620452398129,0.0380733944954128,0.0568855908419428
lastfm,ItemKNN_implicit,7,counterfactual,10900,10866,2.1478415673873417,0,0,4.7,0.11926605504587157,0.11926605504587157,0.11926605504587157,0.11926605504587157,0.08091743119266055,0.10254468029317618,0.08091743119266055,0.10254468029317618,0.0710091743119266,0.11439024333964332,0.0710091743119266,0.11439024333964329
lastfm,ALS,21,node,10900,10900,0.2746481775834416,0,0,1.5,0.13394495412844037,0.13394495412844037,0.13394495412844037,0.13394495412844037,0.09009174311926604,0.11818041611801365,0.09009174311926604,0.11818041611801365,0.07669724770642203,0.1266257696773841,0.07669724770642203,0.12662576967738406,0.1110091743119266,0.1110091743119266,0.0926605504587156,0.1133438066695409,0.0748623853211009,0.1191505433593472
lastfm,ItemKNN,21,node,10900,1,0.0,0,0,6.9,0.0027522935779816515,0.0027522935779816515,0.0027522935779816515,0.0027522935779816515,0.004954128440366972,0.0044410053332898086,0.004954128440366972,0.0044410053332898086,0.003486238532110092,0.00433478820812299,0.003486238532110092,0.00433478820812299,0.0027522935779816,0.0027522935779816,0.0049541284403669,0.0044410053332898,0.00348623853211,0.0043347882081229
lastfm,Pop,21,node,10900,23,13.046578407659219,0,0,1.1,0.044954128440366975,0.044954128440366975,0.044954128440366975,0.044954128440366975,0.041651376146788995,0.051100658963710854,0.041651376146788995,0.051100658963710854,0.03688073394495413,0.05645310606482665,0.03688073394495413,0.05645310606482665,0.0449541284403669,0.0449541284403669,0.0416513761467889,0.0511006589637108,0.0368807339449541,0.0564531060648266
lastfm,ItemKNN_implicit,21,counterfactual,10900,10857,2.133620195650323,0,0,4.7,0.10550458715596331,0.10550458715596331,0.10550458715596331,0.10550458715596331,0.08238532110091744,0.10131497893140591,0.08238532110091744,0.10131497893140591,0.07256880733944954,0.11487580828461105,0.07256880733944954,0.11487580828461104
lastfm,ALS,42,node,10900,10900,0.27488833783136346,0,0,1.5,0.13302752293577982,0.13302752293577982,0.13302752293577982,0.13302752293577982,0.09357798165137615,0.11699163008698396,0.09357798165137615,0.11699163008698396,0.07816513761467889,0.12303624228666739,0.07816513761467889,0.12303624228666737,0.118348623853211,0.118348623853211,0.0977981651376146,0.116992240166229,0.080091743119266,0.1225646249186044
lastfm,ItemKNN,42,node,10900,1,0.0,0,0,6.9,0.003669724770642202,0.003669724770642202,0.003669724770642202,0.003669724770642202,0.0047706422018348625,0.004561084537476133,0.0047706422018348625,0.004561084537476133,0.004678899082568808,0.005459254467436276,0.004678899082568808,0.005459254467436275,0.0036697247706422,0.0036697247706422,0.0047706422018348,0.0045610845374761,0.0046788990825688,0.0054592544674362
lastfm,Pop,42,node,10900,25,12.77616677099261,0,0,1.0,0.05137614678899083,0.05137614678899083,0.05137614678899083,0.05137614678899083,0.042018348623853216,0.0522529089322357,0.042018348623853216,0.0522529089322357,0.03853211009174312,0.06013828598596992,0.03853211009174312,0.06013828598596992,0.0513761467889908,0.0513761467889908,0.0420183486238532,0.0522529089322357,0.0385321100917431,0.0601382859859699
lastfm,ItemKNN_implicit,42,counterfactual,10900,10862,2.1470859417950314,0,0,5.0,0.10642201834862386,0.10642201834862386,0.10642201834862386,0.10642201834862386,0.08018348623853211,0.0988675328823155,0.08018348623853211,0.0988675328823155,0.06926605504587156,0.10783607386250593,0.06926605504587156,0.10783607386250593
lastfm,ALS,84,node,10900,10900,0.27520129011294103,0,0,1.7,0.12293577981651377,0.12293577981651377,0.12293577981651377,0.12293577981651377,0.08825688073394497,0.10952516272026248,0.08825688073394497,0.10952516272026248,0.07614678899082569,0.1167479945081549,0.07614678899082569,0.1167479945081549,0.1192660550458715,0.1192660550458715,0.0922935779816513,0.1142136185634716,0.0765137614678899,0.1198968982632289
lastfm,ItemKNN,84,node,10900,1,0.0,0,0,7.4,0.001834862385321101,0.001834862385321101,0.001834862385321101,0.001834862385321101,0.005321100917431193,0.0041439516996149,0.005321100917431193,0.0041439516996149,0.003577981651376147,0.0037659149999945056,0.003577981651376147,0.003765914999994504,0.0018348623853211,0.0018348623853211,0.0053211009174311,0.0041439516996149,0.0035779816513761,0.0037659149999945
lastfm,Pop,84,node,10900,26,15.628206174150717,0,0,1.2,0.03394495412844037,0.03394495412844037,0.03394495412844037,0.03394495412844037,0.03724770642201835,0.043709236424525934,0.03724770642201835,0.043709236424525934,0.034495412844036705,0.05176658858784002,0.034495412844036705,0.05176658858784002,0.0339449541284403,0.0339449541284403,0.0372477064220183,0.0437092364245259,0.0344954128440367,0.05176658858784
lastfm,ItemKNN_implicit,84,counterfactual,10900,10863,2.1480991144568313,0,0,5.2,0.10917431192660551,0.10917431192660551,0.10917431192660551,0.10917431192660551,0.08477064220183486,0.10458580411622706,0.08477064220183486,0.10458580411622706,0.07055045871559633,0.11398389732737384,0.07055045871559633,0.11398389732737382
amazon_videogames,ALS,1,node,633830,633830,0.18367576263412616,0,0,673.5,0.03641354937443794,0.03641354937443794,0.03641354937443794,0.03641354937443794,0.02498461732641244,0.05079104269246602,0.02498461732641244,0.05079104269246602,0.019757663726866825,0.06448737134681014,0.019757663726866825,0.06448737134681014,0.0379281510815202,0.0379281510815202,0.0253254027105059,0.0518921278137857,0.0200321852862755,0.0658628466149126
amazon_videogames,ItemKNN,1,node,633830,1,0.0,0,0,412.9,0.0004575359323477904,0.0004575359323477904,0.0004575359323477904,0.0004575359323477904,0.0004890901345786725,0.0009281477055057279,0.0004890901345786725,0.0009281477055057279,0.00048277929413249605,0.0014106804858079452,0.00048277929413249605,0.0014106804858079452,0.0005679756401558,0.0005679756401558,0.0005616647997097,0.0010598396569703,0.0005727087704905,0.0016661423122621
amazon_videogames,Pop,1,node,633830,17,240.272424964758,0,0,213.4,0.00858274300679993,0.00858274300679993,0.00858274300679993,0.00858274300679993,0.006730511335847152,0.013440493769551514,0.006730511335847152,0.013440493769551514,0.00588012558572488,0.018305989251848776,0.00588012558572488,0.018305989251848776,0.0085827430067999,0.0085827430067999,0.0067305113358471,0.0134404937695515,0.0058801255857248,0.0183059892518487
amazon_videogames,ItemKNN_implicit,1,counterfactual,633830,343101,0.14893948266150453,0,0,364.8,0.04087846899010776,0.04087846899010776,0.04087846899010776,0.04087846899010776,0.02351419150245334,0.04876284482617489,0.02351419150245334,0.04876284482617489,0.017222283577615446,0.058471598384663315,0.017222283577615446,0.058471598384663315
